{
    "sizes": [
        1,
        5,
        10,
        20
    ],
    "native": [
        0.03800606727600098,
        0.1961040496826172,
        0.39904046058654785,
        0.7476580142974854
    ],
    "optimized": [
        0.0827627182006836,
        0.26316380500793457,
        0.5688073635101318,
        1.081141710281372
    ],
    "bad": [
        0.16225194931030273,
        0.6598446369171143,
        1.3607463836669922,
        2.591099262237549
    ]
}