{
    "sizes": [
        1,
        5,
        10,
        20
    ],
    "native": [
        0.04072427749633789,
        0.19629359245300293,
        0.41536855697631836,
        0.8321783542633057
    ],
    "optimized": [
        0.09472966194152832,
        0.3030734062194824,
        0.5755729675292969,
        1.1036951541900635
    ],
    "bad": [
        0.1559455394744873,
        0.6451292037963867,
        1.3143057823181152,
        2.61051344871521
    ]
}